{
  "bpm": 125,
  "gridColumns": 105,
  "notes": [
    523.2511306011972,
    220,
    130.8127826502993,
    32.70319566257483,
    65.40639132514966,
    73.41619197935188,
    82.4068892282175,
    65.40639132514966,
    65.40639132514966,
    391.99543598174927,
    391.99543598174927,
    391.99543598174927,
    65.40639132514966,
    523.2511306011972,
    523.2511306011972,
    466.1637615180899,
    440,
    65.40639132514966,
    65.40639132514966,
    391.99543598174927,
    391.99543598174927,
    65.40639132514966,
    391.99543598174927,
    391.99543598174927,
    130.8127826502993,
    32.70319566257483,
    32.70319566257483,
    32.70319566257483,
    391.99543598174927,
    391.99543598174927,
    32.70319566257483,
    32.70319566257483,
    466.1637615180899,
    466.1637615180899,
    97.99885899543733,
    440,
    440,
    440,
    391.99543598174927,
    391.99543598174927,
    391.99543598174927,
    783.9908719634985,
    261.6255653005986,
    261.6255653005986,
    261.6255653005986,
    261.6255653005986,
    783.9908719634985,
    783.9908719634985,
    783.9908719634985,
    261.6255653005986,
    261.6255653005986,
    233.08188075904496,
    349.2282314330039,
    391.99543598174927,
    391.99543598174927,
    391.99543598174927,
    391.99543598174927,
    130.8127826502993,
    73.41619197935188,
    73.41619197935188,
    466.1637615180899,
    466.1637615180899,
    311.1269837220809,
    466.1637615180899,
    261.6255653005986,
    261.6255653005986,
    261.6255653005986,
    261.6255653005986,
    155.56349186104046,
    82.4068892282175,
    391.99543598174927,
    349.2282314330039,
    349.2282314330039,
    349.2282314330039,
    349.2282314330039,
    349.2282314330039,
    523.2511306011972,
    174.61411571650194,
    174.61411571650194,
    174.61411571650194,
    174.61411571650194,
    174.61411571650194,
    174.61411571650194,
    174.61411571650194,
    174.61411571650194,
    82.4068892282175,
    174.61411571650194,
    174.61411571650194,
    174.61411571650194,
    174.61411571650194,
    174.61411571650194,
    174.61411571650194,
    174.61411571650194,
    174.61411571650194,
    73.41619197935188,
    349.2282314330039,
    349.2282314330039,
    349.2282314330039,
    349.2282314330039,
    349.2282314330039,
    349.2282314330039,
    349.2282314330039,
    349.2282314330039,
    174.61411571650194,
    349.2282314330039
  ],
  "platforms": [
    {
      "kind": "segment",
      "x": 120,
      "y": 351,
      "width": 76,
      "height": 18
    },
    {
      "kind": "segment",
      "x": 214,
      "y": 351,
      "width": 76,
      "height": 18
    },
    {
      "kind": "segment",
      "x": 308,
      "y": 351,
      "width": 76,
      "height": 18
    },
    {
      "kind": "segment",
      "x": 402,
      "y": 351,
      "width": 76,
      "height": 18
    },
    {
      "kind": "segment",
      "x": 496,
      "y": 383,
      "width": 76,
      "height": 18
    },
    {
      "kind": "segment",
      "x": 590,
      "y": 351,
      "width": 76,
      "height": 18
    },
    {
      "kind": "beat",
      "x": 560,
      "y": 340,
      "width": 120,
      "height": 16
    },
    {
      "kind": "ghost",
      "x": 720,
      "y": 290,
      "width": 100,
      "height": 14
    },
    {
      "kind": "reverseGhost",
      "x": 820,
      "y": 250,
      "width": 100,
      "height": 14
    }
  ]
}