{
  "bpm": 125,
  "gridColumns": 105,
  "notes": [
    523.2511306011972,
    220,
    130.8127826502993,
    32.70319566257483,
    65.40639132514966,
    73.41619197935188,
    82.4068892282175,
    65.40639132514966,
    65.40639132514966,
    391.99543598174927,
    391.99543598174927,
    391.99543598174927,
    65.40639132514966,
    523.2511306011972,
    523.2511306011972,
    466.1637615180899,
    440,
    65.40639132514966,
    65.40639132514966,
    391.99543598174927,
    391.99543598174927,
    65.40639132514966,
    391.99543598174927,
    391.99543598174927,
    130.8127826502993,
    32.70319566257483,
    32.70319566257483,
    32.70319566257483,
    391.99543598174927,
    391.99543598174927,
    32.70319566257483,
    32.70319566257483,
    466.1637615180899,
    466.1637615180899,
    97.99885899543733,
    440,
    440,
    440,
    391.99543598174927,
    391.99543598174927,
    391.99543598174927,
    783.9908719634985,
    261.6255653005986,
    261.6255653005986,
    261.6255653005986,
    261.6255653005986,
    783.9908719634985,
    783.9908719634985,
    783.9908719634985,
    261.6255653005986,
    261.6255653005986,
    233.08188075904496,
    349.2282314330039,
    391.99543598174927,
    391.99543598174927,
    391.99543598174927,
    391.99543598174927,
    130.8127826502993,
    73.41619197935188,
    73.41619197935188,
    466.1637615180899,
    466.1637615180899,
    311.1269837220809,
    466.1637615180899,
    261.6255653005986,
    261.6255653005986,
    261.6255653005986,
    261.6255653005986,
    155.56349186104046,
    82.4068892282175,
    391.99543598174927,
    349.2282314330039,
    349.2282314330039,
    349.2282314330039,
    349.2282314330039,
    349.2282314330039,
    523.2511306011972,
    174.61411571650194,
    174.61411571650194,
    174.61411571650194,
    174.61411571650194,
    174.61411571650194,
    174.61411571650194,
    174.61411571650194,
    174.61411571650194,
    82.4068892282175,
    174.61411571650194,
    174.61411571650194,
    174.61411571650194,
    174.61411571650194,
    174.61411571650194,
    174.61411571650194,
    174.61411571650194,
    174.61411571650194,
    73.41619197935188,
    349.2282314330039,
    349.2282314330039,
    349.2282314330039,
    349.2282314330039,
    349.2282314330039,
    349.2282314330039,
    349.2282314330039,
    349.2282314330039,
    174.61411571650194,
    349.2282314330039
  ],
  "platforms": [
    {
      "kind": "segment",
      "x": 182,
      "y": 416,
      "width": 64,
      "height": 18
    },
    {
      "kind": "alternateBeat",
      "x": 246,
      "y": 352,
      "width": 64,
      "height": 18
    },
    {
      "kind": "segment",
      "x": 310,
      "y": 352,
      "width": 64,
      "height": 18
    },
    {
      "kind": "segment",
      "x": 374,
      "y": 384,
      "width": 64,
      "height": 18
    },
    {
      "kind": "segment",
      "x": 438,
      "y": 320,
      "width": 64,
      "height": 18
    },
    {
      "kind": "reverseGhost",
      "x": 502,
      "y": 320,
      "width": 64,
      "height": 18
    },
    {
      "kind": "ghost",
      "x": 566,
      "y": 288,
      "width": 64,
      "height": 18
    },
    {
      "kind": "reverseGhost",
      "x": 630,
      "y": 320,
      "width": 64,
      "height": 18
    },
    {
      "kind": "segment",
      "x": 694,
      "y": 320,
      "width": 64,
      "height": 18
    },
    {
      "kind": "beat",
      "x": 758,
      "y": 416,
      "width": 64,
      "height": 18
    },
    {
      "kind": "reverseGhost",
      "x": 822,
      "y": 384,
      "width": 64,
      "height": 18
    },
    {
      "kind": "segment",
      "x": 886,
      "y": 320,
      "width": 64,
      "height": 18
    },
    {
      "kind": "segment",
      "x": 950,
      "y": 416,
      "width": 64,
      "height": 18
    },
    {
      "kind": "alternateBeat",
      "x": 1014,
      "y": 384,
      "width": 64,
      "height": 18
    },
    {
      "kind": "reverseGhost",
      "x": 1078,
      "y": 416,
      "width": 64,
      "height": 18
    },
    {
      "kind": "beat",
      "x": 1142,
      "y": 320,
      "width": 64,
      "height": 18
    },
    {
      "kind": "segment",
      "x": 1206,
      "y": 416,
      "width": 64,
      "height": 18
    },
    {
      "kind": "beat",
      "x": 1270,
      "y": 352,
      "width": 64,
      "height": 18
    },
    {
      "kind": "alternateBeat",
      "x": 1334,
      "y": 384,
      "width": 64,
      "height": 18
    },
    {
      "kind": "beat",
      "x": 1398,
      "y": 416,
      "width": 64,
      "height": 18
    },
    {
      "kind": "segment",
      "x": 1462,
      "y": 288,
      "width": 64,
      "height": 18
    },
    {
      "kind": "elevator",
      "x": 1526,
      "y": 288,
      "width": 64,
      "height": 18
    },
    {
      "kind": "segment",
      "x": 1590,
      "y": 288,
      "width": 64,
      "height": 18
    },
    {
      "kind": "reverseGhost",
      "x": 1654,
      "y": 384,
      "width": 64,
      "height": 18
    },
    {
      "kind": "segment",
      "x": 1782,
      "y": 320,
      "width": 64,
      "height": 18
    },
    {
      "kind": "segment",
      "x": 1846,
      "y": 288,
      "width": 64,
      "height": 18
    },
    {
      "kind": "segment",
      "x": 1910,
      "y": 224,
      "width": 64,
      "height": 18
    },
    {
      "kind": "segment",
      "x": 1974,
      "y": 192,
      "width": 64,
      "height": 18
    }
  ],
  "segmentEnemies": [
    {
      "segmentIndex": 0,
      "patrolCount": 1,
      "flyingSpawnIntervalMs": 3400
    },
    {
      "segmentIndex": 1,
      "patrolCount": 2,
      "flyingSpawnIntervalMs": 2600
    },
    {
      "segmentIndex": 2,
      "patrolCount": 2,
      "flyingSpawnIntervalMs": 2600
    },
    {
      "segmentIndex": 3,
      "patrolCount": 3,
      "flyingSpawnIntervalMs": 1800
    },
    {
      "segmentIndex": 4,
      "patrolCount": 2,
      "flyingSpawnIntervalMs": 2600
    },
    {
      "segmentIndex": 5,
      "patrolCount": 3,
      "flyingSpawnIntervalMs": 1800
    }
  ],
  "midi_file": "Star Wars.mid"
}